{"count":1,"self":8278.5820671999991,"total":51056.56131,"children":{"InitializeActuators":{"count":24,"self":0.0010002,"total":0.0010002,"children":null},"InitializeSensors":{"count":24,"self":0.001,"total":0.001,"children":null},"AgentSendState":{"count":20833502,"self":144.43320319999998,"total":762.9442603,"children":{"CollectObservations":{"count":100000824,"self":181.660992,"total":181.6609857,"children":null},"WriteActionMask":{"count":100000824,"self":26.369532799999998,"total":26.3695336,"children":null},"RequestDecision":{"count":100000824,"self":116.256896,"total":410.48053219999997,"children":{"AgentInfo.ToProto":{"count":100000824,"self":99.486656,"total":294.2236311,"children":{"GenerateSensorData":{"count":100000824,"self":194.7369728,"total":194.736975,"children":null}}}}}}},"DecideAction":{"count":20833502,"self":39617.0657792,"total":39617.0643994,"children":null},"AgentAct":{"count":20833502,"self":2393.4283775999997,"total":2393.6853472,"children":{"AgentInfo.ToProto":{"count":25795,"self":0.0899827,"total":0.2569359,"children":{"GenerateSensorData":{"count":25795,"self":0.1669532,"total":0.1669532,"children":null}}}}},"AgentInfo.ToProto":{"count":387611,"self":1.6613221999999999,"total":4.2834655999999995,"children":{"GenerateSensorData":{"count":387611,"self":2.6221433999999997,"total":2.6221433999999997,"children":null}}}},"gauges":{"MoveToPoint.CumulativeReward":{"count":413406,"max":1.99299967,"min":-109.624962,"runningAverage":-2.4729836,"value":-2.441501,"weightedAverage":-2.697191}},"metadata":{"timer_format_version":"0.1.0","start_time_seconds":"1674783395","unity_version":"2021.3.4f1","command_line_arguments":"C:\\Program Files\\Unity\\Hub\\Editor\\2021.3.4f1\\Editor\\Unity.exe -projectpath D:\\Dokumente\\Master\\2\\WID\\AI-evolution -useHub -hubIPC -cloudEnvironment production -licensingIpc LicenseClient-Daniel -hubSessionId 98afe570-9db1-11ed-9d6d-f34997797ece -accessToken iIJze-yLbI7QDSR0RgzfKRUm1NU2oDxa7G1-L5qohhQ008f","communication_protocol_version":"1.5.0","com.unity.ml-agents_version":"2.0.1","scene_name":"Training","end_time_seconds":"1674834452"}}